<?xml version="1.0" encoding="UTF-8"?>
<project-private xmlns="http://www.netbeans.org/ns/project-private/1">
    <editor-bookmarks xmlns="http://www.netbeans.org/ns/editor-bookmarks/2" lastBookmarkId="0"/>
    <open-files xmlns="http://www.netbeans.org/ns/projectui-open-files/2">
        <group>
            <file>file:/C:/Users/ANUJ/Desktop/JavaApplication5/src/Page1.java</file>
            <file>file:/C:/Users/ANUJ/Desktop/JavaApplication5/src/Test1.java</file>
            <file>file:/C:/Users/ANUJ/Desktop/JavaApplication5/src/booktable.java</file>
            <file>file:/C:/Users/ANUJ/Desktop/JavaApplication5/src/End.java</file>
            <file>file:/C:/Users/ANUJ/Desktop/JavaApplication5/src/jpanebooking.java</file>
            <file>file:/C:/Users/ANUJ/Desktop/JavaApplication5/src/jpane.java</file>
            <file>file:/C:/Users/ANUJ/Desktop/JavaApplication5/src/LoginPage.java</file>
        </group>
    </open-files>
</project-private>
